{
    "Game Objects": [
        {
            "name": "Cube",
            "tag": "Untagged",
            "layer": "Default",
            "Active": true,
            "Position": [
                0,
                0,
                0
            ],
            "Rotation": [
                -0.7071068286895752,
                0,
                0,
                0.70710670948028564
            ],
            "Scale": [
                28.322355270385742,
                21.54180908203125,
                0.99999988079071045
            ],
            "UID": 1283202566,
            "PrefabID": 0,
            "DontDestroy": false,
            "Static": false,
            "ParentUID": 1676501951,
            "Components": [
                {
                    "Type": 1,
                    "Active": true
                },
                {
                    "Type": 2,
                    "Active": true,
                    "Path": "Library\/Meshes\/1313575480.mmh",
                    "UID": 1313575480,
                    "alternColor": [
                        1,
                        1,
                        1
                    ],
                    "alternColorStencil": [
                        1,
                        1,
                        1
                    ],
                    "doNotDrawStencil": true
                }
            ]
        }
    ]
}