{
    "Game Objects": [
        {
            "name": "Grenade Impact",
            "tag": "Untagged",
            "layer": "Default",
            "Active": true,
            "UID": 1337086120,
            "ParentUID": 929156669,
            "PrefabReference": 1337086120,
            "PrefabID": 0,
            "DontDestroy": false,
            "Static": false,
            "Position": [
                6.67572021484375e-06,
                1.2596859931945801,
                5.7220458984375e-06
            ],
            "Rotation": [
                5.4502621082974656e-08,
                -0.95709264278411865,
                5.4502621082974656e-08,
                -0.28978204727172852
            ],
            "Scale": [
                0.99999541044235229,
                1,
                0.99999535083770752
            ],
            "Components": [
                {
                    "Type": 1,
                    "Active": true
                },
                {
                    "Type": 3,
                    "Active": true,
                    "IsEmpty": true,
                    "MaterialAssetPath": "Assets\/Materials\/Particle.mat",
                    "MaterialLibraryPath": "Library\/Materials\/355756108.mat",
                    "MaterialUID": 355756108
                },
                {
                    "Type": 20,
                    "Active": true,
                    "systemActive": false,
                    "looping": false,
                    "maxDuration": 0.10499999672174454,
                    "ParticleEmitters": [
                        {
                            "AssetPath": "Empty",
                            "LibraryPath": "Library\/Textures\/205334210.dds",
                            "texUID": 205334210,
                            "paEmitterName": "Empty",
                            "paLifeTime": [
                                0.10000000149011612,
                                0.10000000149011612
                            ],
                            "paSize": [
                                0.10000000149011612,
                                0.20000000298023224
                            ],
                            "paColor": [
                                1,
                                1,
                                1,
                                1
                            ],
                            "paPerSec": 150,
                            "paRelative": true,
                            "ParticleEffects": [
                                {
                                    "paEffectType": 1,
                                    "paROLT_rotation": [
                                        0,
                                        180
                                    ],
                                    "paROLT_rotationSpeed": [
                                        0,
                                        0
                                    ]
                                },
                                {
                                    "paEffectType": 2,
                                    "Gradients": [
                                        {
                                            "paColorOLTcolor": [
                                                0.91304349899291992,
                                                0.74353927373886108,
                                                0.31036260724067688,
                                                1
                                            ],
                                            "paColorOLTposition": 0.74594694375991821
                                        },
                                        {
                                            "paColorOLTcolor": [
                                                0,
                                                0.89290976524353027,
                                                1,
                                                1
                                            ],
                                            "paColorOLTposition": 0.92702680826187134
                                        }
                                    ]
                                },
                                {
                                    "paEffectType": 5,
                                    "paShapeHasInitSpeed": false,
                                    "paShapePartSpeed": 0,
                                    "paShapeRandSpeed": 0,
                                    "PaShapeAreaDimensions": [
                                        0.44999998807907104,
                                        0.30000001192092896,
                                        0.44999998807907104
                                    ],
                                    "PaShapeSphereDirection": false,
                                    "PaShapeSphereAngle": 0,
                                    "paShapeType": 0,
                                    "PaShapeOffset": [
                                        0,
                                        0,
                                        0
                                    ]
                                }
                            ]
                        },
                        {
                            "AssetPath": "Empty",
                            "LibraryPath": "Library\/Textures\/2134419253.dds",
                            "texUID": 2134419253,
                            "paEmitterName": "Empty",
                            "paLifeTime": [
                                0.10000000149011612,
                                0.30000001192092896
                            ],
                            "paSize": [
                                1,
                                1
                            ],
                            "paColor": [
                                1,
                                1,
                                1,
                                1
                            ],
                            "paPerSec": 700,
                            "paRelative": true,
                            "ParticleEffects": [
                                {
                                    "paEffectType": 0,
                                    "paFOLT_direction": [
                                        0,
                                        0,
                                        0
                                    ],
                                    "paFOLT_magnitude": 0,
                                    "paFOLT_gravityMod": 3,
                                    "paFOLT_gravity": -29.400001525878906,
                                    "paFOLT_forceType": 0
                                },
                                {
                                    "paEffectType": 2,
                                    "Gradients": [
                                        {
                                            "paColorOLTcolor": [
                                                1,
                                                0,
                                                0,
                                                0
                                            ],
                                            "paColorOLTposition": 0.0054054055362939835
                                        },
                                        {
                                            "paColorOLTcolor": [
                                                1,
                                                0.14624506235122681,
                                                0.14624506235122681,
                                                1
                                            ],