{
    "Game Objects": [
        {
            "name": "Co_Wall",
            "tag": "Untagged",
            "layer": "Default",
            "Active": true,
            "UID": 1551429042,
            "ParentUID": 734982776,
            "PrefabReference": 0,
            "PrefabID": 0,
            "DontDestroy": false,
            "Static": false,
            "Position": [
                19.199586868286133,
                3.1462278366088867,
                -5.5828614234924316
            ],
            "Rotation": [
                -0.50000256299972534,
                -0.50000327825546265,
                -0.49999958276748657,
                0.49999457597732544
            ],
            "Scale": [
                0.53203624486923218,
                5.6638150215148926,
                4.9999785423278809
            ],
            "Components": [
                {
                    "Type": 1,
                    "Active": true
                },
                {
                    "Type": 2,
                    "Active": true,
                    "Path": "Library\/Meshes\/1313575480.mmh",
                    "UID": 1313575480,
                    "alternColor": [
                        1,
                        1,
                        1
                    ],
                    "alternColorStencil": [
                        1,
                        1,
                        1
                    ],
                    "stencilEmission": 0,
                    "doNotDrawStencil": true
                },
                {
                    "Type": 14,
                    "Active": true,
                    "kinematic": true,
                    "Gravity": true,
                    "LockLinearX": false,
                    "LockLinearY": false,
                    "LockLinearZ": false,
                    "LockAngularX": false,
                    "LockAngularY": false,
                    "LockAngularZ": false,
                    "Mass": 10,
                    "Density": 1
                },
                {
                    "Type": 18,
                    "Active": true,
                    "isTrigger": false,
                    "Position": [
                        0,
                        0,
                        0
                    ],
                    "Rotation": [
                        0,
                        0,
                        0,
                        1
                    ],
                    "Scale": [
                        1,
                        1,
                        1
                    ]
                }
            ]
        }
    ]
}