{
    "Game Objects": [
        {
            "name": "Empty",
            "tag": "Untagged",
            "layer": "Default",
            "Active": true,
            "UID": 1336852597,
            "ParentUID": 1788828234,
            "PrefabReference": 0,
            "PrefabID": 0,
            "DontDestroy": false,
            "Static": false,
            "Position": [
                12.624422073364258,
                -37.304397583007813,
                -11.015588760375977
            ],
            "Rotation": [
                6.1817260643692862e-08,
                -0.70710659027099609,
                -0.70710694789886475,
                1.0658141036401503e-14
            ],
            "Scale": [
                1,
                0.99981993436813354,
                0.99981993436813354
            ],
            "Components": [
                {
                    "Type": 1,
                    "Active": true
                },
                {
                    "Type": 27,
                    "Active": true,
                    "lightColor": [
                        1,
                        0,
                        0
                    ],
                    "ambientLightColor": [
                        1,
                        0,
                        0
                    ],
                    "lightIntensity": 10,
                    "specularValue": 1,
                    "fadeDistance": 50,
                    "maxDistance": 2500
                }
            ]
        }
    ]
}