{
    "Game Objects": [
        {
            "name": "Wampa_Spike",
            "tag": "Untagged",
            "layer": "Default",
            "Active": true,
            "UID": 1024081462,
            "ParentUID": 329214743,
            "PrefabReference": 1052835205,
            "PrefabID": 1527967901,
            "DontDestroy": false,
            "Static": false,
            "Position": [
                0,
                7.0919795036315918,
                0
            ],
            "Rotation": [
                0,
                0,
                0,
                1
            ],
            "Scale": [
                0.20000000298023224,
                1,
                1
            ],
            "PrefabObjects": []
        }
    ]
}