{
    "Game Objects": [
        {
            "name": "sofa13",
            "tag": "Untagged",
            "layer": "Default",
            "Active": true,
            "Position": [
                -4.3268818855285645,
                1.0288015346304746e-06,
                -14.123907089233398
            ],
            "Rotation": [
                6.1817239327410789e-08,
                0.70722883939743042,
                -6.1817239327410789e-08,
                -0.70698469877243042
            ],
            "Scale": [
                1.0000001192092896,
                1,
                1.0000001192092896
            ],
            "UID": 209159194,
            "PrefabID": 0,
            "DontDestroy": false,
            "ParentUID": 1828104046,
            "Components": [
                {
                    "Type": 1,
                    "Active": true
                }
            ]
        },
        {
            "name": "pCube9002",
            "tag": "Untagged",
            "layer": "Default",
            "Active": true,
            "Position": [
                0,
                0,
                0
            ],
            "Rotation": [
                0,
                0,
                0,
                1
            ],
            "Scale": [
                1,
                1,
                1
            ],
            "UID": 1933118814,
            "PrefabID": 0,
            "DontDestroy": false,
            "ParentUID": 209159194,
            "Components": [
                {
                    "Type": 1,
                    "Active": true
                },
                {
                    "Type": 2,
                    "Active": true,
                    "Path": "Library\/Meshes\/319963523.mmh",
                    "UID": 319963523,
                    "alternColor": [
                        1,
                        1,
                        1
                    ]
                }
            ]
        },
        {
            "name": "pCube8002",
            "tag": "Untagged",
            "layer": "Default",
            "Active": true,
            "Position": [
                0,
                0,
                0
            ],
            "Rotation": [
                0,
                0,
                0,
                1
            ],
            "Scale": [
                1,
                1,
                1
            ],
            "UID": 717308357,
            "PrefabID": 0,
            "DontDestroy": false,
            "ParentUID": 209159194,
            "Components": [
                {
                    "Type": 1,
                    "Active": true
                },
                {
                    "Type": 2,
                    "Active": true,
                    "Path": "Library\/Meshes\/332564452.mmh",
                    "UID": 332564452,
                    "alternColor": [
                        1,
                        1,
                        1
                    ]
                }
            ]
        },
        {
            "name": "pCube7002",
            "tag": "Untagged",
            "layer": "Default",
            "Active": true,
            "Position": [
                0,
                0,
                0
            ],
            "Rotation": [
                0,
                0,
                0,
                1
            ],
            "Scale": [
                1,
                1,
                1
            ],
            "UID": 2140395359,
            "PrefabID": 0,
            "DontDestroy": false,
            "ParentUID": 209159194,
            "Components": [
                {
                    "Type": 1,
                    "Active": true
                },
                {
                    "Type": 2,
                    "Active": true,
                    "Path": "Library\/Meshes\/1448514385.mmh",
                    "UID": 1448514385,
                    "alternColor": [
                        1,
                        1,
                        1
                    ]
                }
            ]
        },
        {
            "name": "pCube6002",
            "tag": "Untagged",
            "layer": "Default",
            "Active": true,
            "Position": [
                0,
                0,
                0
            ],
            "Rotation": [
                0,
                0,
                0,
                1
            ],
            "Scale": [
                1,
                1,
                1
            ],
            "UID": 427539962,
            "PrefabID": 0,
            "DontDestroy": false,
            "ParentUID": 209159194,
            "Components": [
                {
                    "Type": 1,
                    "Active": true
                },
                {
                    "Type": 2,
                    "Active": true,
                    "Path": "Library\/Meshes\/1187934965.mmh",
                    "UID": 1187934965,
                    "alternColor": [
                        1,
                        1,
                        1
                    ]
                },
                {
                    "Type": 14,
                    "Active": true,
                    "kinematic": true,
                    "Gravity": false,
                    "LockLinearX": false,
                    "LockLinearY": false,
                    "LockLinearZ": false,
                    "LockAngularX": false,
                    "LockAngularY": false,
                    "LockAngularZ": false,
                    "Mass": 10,
                    "Density": 1
                },
                {
                    "Type": 18,
                    "Active": true,
                    "isTrigger": false,
                    "Position": [
                        0,
                        0,
                        0
                    ],
                    "Rotation": [
                        0,
                        0,
                        0,
                        1
                    ],
                    "Scale": [
                        1,
                        1,
                        1
                    ]
                }
            ]
        }
    ]
}