{
    "Game Objects": [
        {
            "name": "Game Camera",
            "Active": true,
            "Position": [
                0,
                50,
                -2.2426132773034624e-07
            ],
            "Rotation": [
                0.68835455179214478,
                0,
                0,
                0.72537440061569214
            ],
            "Scale": [
                1,
                2,
                0.9999280571937561
            ],
            "UID": 188616957,
            "ParentUID": 143570472,
            "Components": [
                {
                    "Type": 1,
                    "Active": true
                },
                {
                    "Type": 4,
                    "Active": true,
                    "fType": 1,
                    "fSize": 10,
                    "nearPlaneDist": 1,
                    "farPlaneDist": 5000,
                    "vFOV": 42.5,
                    "hFOV": 57.799999237060547,
                    "culling": false
                },
                {
                    "Type": 5,
                    "Active": true,
                    "ScriptName": "CameraController",
                    "reference": 188616957,
                    "target": 1661764735,
                    "x": 0,
                    "y": 0,
                    "z": 0,
                    "smoothSpeed": 0,
                    "zoomDesired": 20,
                    "zooming": false,
                    "time_easing": 0,
                    "timer": 0
                }
            ]
        }
    ]
}