{
    "Game Objects": [
        {
            "name": "DirectionalLight",
            "tag": "Untagged",
            "layer": "Default",
            "Active": true,
            "Position": [
                5.5973329544067383,
                24.780523300170898,
                20.119379043579102
            ],
            "Rotation": [
                0,
                0,
                0,
                1
            ],
            "Scale": [
                1,
                1,
                1
            ],
            "UID": 1017208032,
            "PrefabID": 0,
            "DontDestroy": false,
            "Static": false,
            "ParentUID": 1676501951,
            "Components": [
                {
                    "Type": 1,
                    "Active": true
                },
                {
                    "Type": 23,
                    "Active": true,
                    "orthoSize": [
                        10,
                        10
                    ],
                    "lightColor": [
                        1,
                        0.99998998641967773,
                        0.99998998641967773
                    ],
                    "ambientLightColor": [
                        0.31764706969261169,
                        0.22745098173618317,
                        0.23921568691730499
                    ],
                    "lightIntensity": 1.6000000238418579,
                    "specularValue": 64,
                    "calculateShadows": false
                }
            ]
        }
    ]
}