{
    "Game Objects": [
        {
            "name": "Bounce",
            "tag": "Untagged",
            "layer": "Default",
            "Active": true,
            "UID": 1633320059,
            "ParentUID": 1190528649,
            "PrefabReference": 1516232417,
            "PrefabID": 0,
            "DontDestroy": false,
            "Static": false,
            "Position": [
                -4.0292739868164063e-05,
                0.3157963752746582,
                -3.4694469519536142e-16
            ],
            "Rotation": [
                4.5953305569823187e-16,
                -2.8610569469122993e-10,
                -9.057875977047658e-13,
                1
            ],
            "Scale": [
                0.89999997615814209,
                0.89999997615814209,
                0.89999997615814209
            ],
            "Components": [
                {
                    "Type": 1,
                    "Active": true
                },
                {
                    "Type": 2,
                    "Active": false,
                    "Path": "Library\/Meshes\/1313575480.mmh",
                    "UID": 1313575480,
                    "alternColor": [
                        1,
                        1,
                        1
                    ],
                    "alternColorStencil": [
                        1,
                        1,
                        1
                    ],
                    "stencilEmission": 0,
                    "doNotDrawStencil": true
                },
                {
                    "Type": 14,
                    "Active": true,
                    "kinematic": false,
                    "Gravity": false,
                    "LockLinearX": true,
                    "LockLinearY": true,
                    "LockLinearZ": true,
                    "LockAngularX": true,
                    "LockAngularY": true,
                    "LockAngularZ": true,
                    "Mass": 10,
                    "Density": 1
                },
                {
                    "Type": 18,
                    "Active": false,
                    "isTrigger": true,
                    "Position": [
                        0,
                        0,
                        0
                    ],
                    "Rotation": [
                        0,
                        0,
                        0,
                        1
                    ],
                    "Scale": [
                        1,
                        1,
                        1
                    ]
                },
                {
                    "Type": 5,
                    "Active": true,
                    "ScriptName": "AtackBosslv2",
                    "damage": 15
                }
            ]
        }
    ]
}