{
    "Game Objects": [
        {
            "name": "Jetpack Fire 2",
            "tag": "Untagged",
            "layer": "Default",
            "Active": true,
            "UID": 285043104,
            "ParentUID": 590099293,
            "PrefabReference": 1368953911,
            "PrefabID": 1839046771,
            "DontDestroy": false,
            "Static": false,
            "Position": [
                0.1698470413684845,
                1.5810296535491943,
                -0.30273419618606567
            ],
            "Rotation": [
                -0.97300362586975098,
                -0.18963067233562469,
                -0.021402908489108086,
                0.12979254126548767
            ],
            "Scale": [
                0.99999797344207764,
                1.0000019073486328,
                1.0000014305114746
            ],
            "PrefabObjects": []
        }
    ]
}