{
    "Game Objects": [
        {
            "name": "Saber_Throw",
            "tag": "Untagged",
            "layer": "Default",
            "Active": false,
            "UID": 843134367,
            "ParentUID": 1788828234,
            "PrefabReference": 0,
            "PrefabID": 0,
            "DontDestroy": false,
            "Static": false,
            "Position": [
                -4.3670988082885742,
                3.2260212898254395,
                0.35683467984199524
            ],
            "Rotation": [
                -3.0908623216419073e-08,
                0.7071068286895752,
                0.7071068286895752,
                -3.0908623216419073e-08
            ],
            "Scale": [
                0.99999028444290161,
                0.99998176097869873,
                0.9999995231628418
            ],
            "Components": [
                {
                    "Type": 1,
                    "Active": true
                },
                {
                    "Type": 5,
                    "Active": true,
                    "ScriptName": "MoffGideonSword"
                }
            ]
        },
        {
            "name": "Dark_Lase_Moff",
            "tag": "Untagged",
            "layer": "Default",
            "Active": true,
            "UID": 2118408292,
            "ParentUID": 843134367,
            "PrefabReference": 2118408292,
            "PrefabID": 0,
            "DontDestroy": false,
            "Static": false,
            "Position": [
                0,
                0,
                0
            ],
            "Rotation": [
                0,
                0,
                0,
                1
            ],
            "Scale": [
                1,
                1,
                1
            ],
            "Components": [
                {
                    "Type": 1,
                    "Active": true
                },
                {
                    "Type": 2,
                    "Active": true,
                    "Path": "Library\/Meshes\/288767238.mmh",
                    "UID": 288767238,
                    "bumpDepth": 1,
                    "alternColor": [
                        1,
                        1,
                        1
                    ],
                    "alternColorStencil": [
                        1,
                        1,
                        1
                    ],
                    "stencilEmission": 0.89999997615814209,
                    "doNotDrawStencil": true
                },
                {
                    "Type": 3,
                    "Active": true,
                    "IsEmpty": true,
                    "MaterialAssetPath": "Empty",
                    "MaterialLibraryPath": "Library\/Materials\/82053990.mat",
                    "MaterialUID": 82053990
                }
            ]
        }
    ]
}