{
    "Game Objects": [
        {
            "name": "meleeCombo3",
            "tag": "Untagged",
            "layer": "Default",
            "Active": true,
            "Position": [
                0.15991534292697906,
                -0.18700000643730164,
                -0.038148369640111923
            ],
            "Rotation": [
                -0.50000184774398804,
                -0.50000244379043579,
                -0.49999946355819702,
                0.49999621510505676
            ],
            "Scale": [
                1.9665685892105103,
                1.9903340339660645,
                0.22405914962291718
            ],
            "UID": 1435348075,
            "PrefabID": 0,
            "DontDestroy": false,
            "Static": false,
            "ParentUID": 1195000062,
            "Components": [
                {
                    "Type": 1,
                    "Active": true
                },
                {
                    "Type": 2,
                    "Active": false,
                    "Path": "Library\/Meshes\/1313575480.mmh",
                    "UID": 1313575480,
                    "alternColor": [
                        1,
                        1,
                        1
                    ]
                },
                {
                    "Type": 18,
                    "Active": true,
                    "isTrigger": true,
                    "Position": [
                        0,
                        0,
                        0
                    ],
                    "Rotation": [
                        0,
                        0,
                        0,
                        1
                    ],
                    "Scale": [
                        1,
                        1,
                        1
                    ]
                },
                {
                    "Type": 14,
                    "Active": true,
                    "kinematic": false,
                    "Gravity": true,
                    "LockLinearX": false,
                    "LockLinearY": true,
                    "LockLinearZ": false,
                    "LockAngularX": false,
                    "LockAngularY": false,
                    "LockAngularZ": false,
                    "Mass": 10,
                    "Density": 1
                }
            ]
        }
    ]
}