{
    "Game Objects": [
        {
            "name": "Empty",
            "tag": "Untagged",
            "layer": "Default",
            "Active": true,
            "UID": 1562599426,
            "ParentUID": 1676501951,
            "PrefabReference": 0,
            "PrefabID": 0,
            "DontDestroy": false,
            "Static": false,
            "Position": [
                12.065034866333008,
                1.5045620203018188,
                9.1934585571289063
            ],
            "Rotation": [
                0.44909781217575073,
                0.707050621509552,
                -0.54618144035339355,
                0.0087410509586334229
            ],
            "Scale": [
                1.2191243171691895,
                5.8826236724853516,
                0.98299890756607056
            ],
            "Components": [
                {
                    "Type": 1,
                    "Active": true
                },
                {
                    "Type": 27,
                    "Active": true,
                    "lightColor": [
                        1,
                        0,
                        0
                    ],
                    "ambientLightColor": [
                        1,
                        1,
                        1
                    ],
                    "lightIntensity": 1.3999999761581421,
                    "specularValue": 4,
                    "fadeDistance": 20,
                    "maxDistance": 50
                }
            ]
        }
    ]
}