{
    "Game Objects": [
        {
            "name": "Obstacle002",
            "Active": true,
            "Position": [
                0,
                0.79999512434005737,
                -1.3999999761581421
            ],
            "Rotation": [
                -0.7071068286895752,
                0,
                0,
                0.7071068286895752
            ],
            "Scale": [
                0.10000000149011612,
                0.10000000149011612,
                0.10000000149011612
            ],
            "UID": 664528341,
            "ParentUID": 1449431167,
            "Components": [
                {
                    "Type": 1,
                    "Active": true
                },
                {
                    "Type": 2,
                    "Active": true,
                    "Path": "Library\/Meshes\/1629953618.mmh",
                    "UID": 1629953618,
                    "alternColor": [
                        1,
                        1,
                        1
                    ]
                },
                {
                    "Type": 14,
                    "Active": true,
                    "kinematic": true,
                    "Gravity": true,
                    "LockLinearX": false,
                    "LockLinearY": false,
                    "LockLinearZ": false,
                    "LockAngularX": false,
                    "LockAngularY": false,
                    "LockAngularZ": false,
                    "Mass": 10,
                    "Density": 1
                },
                {
                    "Type": 15,
                    "Active": true,
                    "isTrigger": false,
                    "Position": [
                        0,
                        0,
                        0
                    ],
                    "Rotation": [
                        0,
                        0,
                        0,
                        1
                    ],
                    "Scale": [
                        1,
                        1,
                        1
                    ]
                }
            ]
        }
    ]
}