{
    "Game Objects": [
        {
            "name": "Cube",
            "tag": "Untagged",
            "layer": "Default",
            "Active": true,
            "Position": [
                -0.71520501375198364,
                10.985536575317383,
                50.200344085693359
            ],
            "Rotation": [
                -0.49999985098838806,
                0.50000035762786865,
                0.49999985098838806,
                0.49999985098838806
            ],
            "Scale": [
                0.99997508525848389,
                50.301628112792969,
                12.168513298034668
            ],
            "UID": 1175343018,
            "PrefabID": 0,
            "DontDestroy": false,
            "Static": false,
            "ParentUID": 961502186,
            "Components": [
                {
                    "Type": 1,
                    "Active": true
                },
                {
                    "Type": 2,
                    "Active": true,
                    "Path": "Library\/Meshes\/1313575480.mmh",
                    "UID": 1313575480,
                    "alternColor": [
                        1,
                        1,
                        1
                    ]
                },
                {
                    "Type": 14,
                    "Active": true,
                    "kinematic": true,
                    "Gravity": false,
                    "LockLinearX": false,
                    "LockLinearY": false,
                    "LockLinearZ": false,
                    "LockAngularX": false,
                    "LockAngularY": false,
                    "LockAngularZ": false,
                    "Mass": 5000,
                    "Density": 1000
                },
                {
                    "Type": 18,
                    "Active": true,
                    "isTrigger": false,
                    "Position": [
                        0,
                        0,
                        0
                    ],
                    "Rotation": [
                        0,
                        0,
                        0,
                        1
                    ],
                    "Scale": [
                        1,
                        1,
                        1
                    ]
                }
            ]
        }
    ]
}