{
    "Game Objects": [
        {
            "name": "SnowSpeeder",
            "tag": "Untagged",
            "layer": "Default",
            "Active": true,
            "UID": 110729516,
            "ParentUID": 735137594,
            "PrefabReference": 0,
            "PrefabID": 0,
            "DontDestroy": false,
            "Static": false,
            "Position": [
                -43.048999786376953,
                -5.8909997940063477,
                117.31400299072266
            ],
            "Rotation": [
                5.0604343414306641e-05,
                -0.70699566602706909,
                5.0604343414306641e-05,
                0.70721787214279175
            ],
            "Scale": [
                0.99999988079071045,
                1,
                0.99999988079071045
            ],
            "Components": [
                {
                    "Type": 1,
                    "Active": true
                },
                {
                    "Type": 2,
                    "Active": true,
                    "Path": "Library\/Meshes\/1916435184.mmh",
                    "UID": 1916435184,
                    "bumpDepth": 1,
                    "alternColor": [
                        1,
                        1,
                        1
                    ],
                    "alternColorStencil": [
                        1,
                        1,
                        1
                    ],
                    "stencilEmission": 0.89999997615814209,
                    "doNotDrawStencil": true,
                    "drawShadows": true
                },
                {
                    "Type": 3,
                    "Active": true,
                    "IsEmpty": true,
                    "MaterialAssetPath": "Empty",
                    "MaterialLibraryPath": "Library\/Materials\/82053990.mat",
                    "MaterialUID": 82053990
                },
                {
                    "Type": 5,
                    "Active": true,
                    "ScriptName": "FloatingVehicles"
                }
            ]
        }
    ]
}