{
    "Game Objects": [
        {
            "name": "Main Area Light",
            "tag": "Untagged",
            "layer": "Default",
            "Active": true,
            "UID": 1850704152,
            "ParentUID": 1481651339,
            "PrefabReference": 0,
            "PrefabID": 0,
            "DontDestroy": false,
            "Static": false,
            "Position": [
                0,
                8.0930004119873047,
                18.489999771118164
            ],
            "Rotation": [
                0.85622650384902954,
                0,
                0,
                0.51660060882568359
            ],
            "Scale": [
                1,
                1,
                1
            ],
            "Components": [
                {
                    "Type": 1,
                    "Active": true
                },
                {
                    "Type": 27,
                    "Active": true,
                    "lightColor": [
                        0.80000001192092896,
                        0.87058824300765991,
                        0.21176470816135406
                    ],
                    "ambientLightColor": [
                        1,
                        0.34509804844856262,
                        0.34509804844856262
                    ],
                    "lightIntensity": 1,
                    "specularValue": 1,
                    "fadeDistance": 50,
                    "maxDistance": 600,
                    "calculateShadows": true
                }
            ]
        }
    ]
}