{
    "Game Objects": [
        {
            "name": "Empty",
            "tag": "Untagged",
            "layer": "Default",
            "Active": true,
            "UID": 125870235,
            "ParentUID": 1676501951,
            "PrefabReference": 0,
            "PrefabID": 0,
            "DontDestroy": false,
            "Static": false,
            "Position": [
                -0.15072339773178101,
                1.6973028182983398,
                1.7156833410263062
            ],
            "Rotation": [
                0.70709013938903809,
                0.0065533099696040154,
                0.0065468740649521351,
                0.70706272125244141
            ],
            "Scale": [
                1.2191401720046997,
                5.881533145904541,
                0.98281246423721313
            ],
            "Components": [
                {
                    "Type": 1,
                    "Active": true
                },
                {
                    "Type": 27,
                    "Active": true,
                    "lightColor": [
                        1,
                        0.99998998641967773,
                        0.99998998641967773
                    ],
                    "ambientLightColor": [
                        1,
                        1,
                        1
                    ],
                    "lightIntensity": 1.3999999761581421,
                    "specularValue": 4,
                    "fadeDistance": 20,
                    "maxDistance": 50
                }
            ]
        }
    ]
}