{
    "Game Objects": [
        {
            "name": "Interaction Circle",
            "tag": "Untagged",
            "layer": "Default",
            "Active": true,
            "UID": 1673613479,
            "ParentUID": 1910286524,
            "PrefabReference": 2013029087,
            "PrefabID": 0,
            "DontDestroy": false,
            "Static": false,
            "Position": [
                17.572000503540039,
                0.23922243714332581,
                -13.053000450134277
            ],
            "Rotation": [
                3.9899632042761368e-08,
                3.5527136788005009e-15,
                0.33470270037651062,
                0.94232374429702759
            ],
            "Scale": [
                0.99999934434890747,
                0.99999934434890747,
                1
            ],
            "Components": [
                {
                    "Type": 1,
                    "Active": true
                },
                {
                    "Type": 3,
                    "Active": true,
                    "IsEmpty": true,
                    "MaterialAssetPath": "Empty",
                    "MaterialLibraryPath": "Library\/Materials\/355756108.mat",
                    "MaterialUID": 355756108
                },
                {
                    "Type": 20,
                    "Active": true,
                    "systemActive": true,
                    "looping": true,
                    "maxDuration": 0.10499999672174454,
                    "ParticleEmitters": [
                        {
                            "AssetPath": "Empty",
                            "LibraryPath": "Library\/Textures\/294166960.dds",
                            "texUID": 294166960,
                            "paEmitterName": "Empty",
                            "paLifeTime": [
                                5,
                                5
                            ],
                            "paSize": [
                                3.2000000476837158,
                                3.2000000476837158
                            ],
                            "paColor": [
                                0.98504829406738281,
                                0.92391306161880493,
                                1,
                                1
                            ],
                            "paPerSec": 1,
                            "ParticleEffects": [
                                {
                                    "paEffectType": 2,
                                    "Gradients": [
                                        {
                                            "paColorOLTcolor": [
                                                0,
                                                1,
                                                0.49011850357055664,
                                                1
                                            ],
                                            "paColorOLTposition": 0.0027016568928956985
                                        },
                                        {
                                            "paColorOLTcolor": [
                                                0,
                                                1,
                                                0.37154126167297363,
                                                0
                                            ],
                                            "paColorOLTposition": 0.49459463357925415
                                        },
                                        {
                                            "paColorOLTcolor": [
                                                0,
                                                1,
                                                0.5612647533416748,
                                                1
                                            ],
                                            "paColorOLTposition": 1
                                        }
                                    ]
                                }
                            ]
                        }
                    ]
                },
                {
                    "Type": 21,
                    "Active": true,
                    "billboardAlignment": 3,
                    "horizantalAligned": true
                }
            ]
        }
    ]
}