{
    "Game Objects": [
        {
            "name": "Sniper Impact",
            "tag": "Untagged",
            "layer": "Default",
            "Active": true,
            "UID": 1293084811,
            "ParentUID": 221054999,
            "PrefabReference": 149225084,
            "PrefabID": 1298559028,
            "DontDestroy": false,
            "Static": false,
            "Position": [
                -2.384185791015625e-07,
                1.2639099359512329,
                -1.1920928955078125e-07
            ],
            "Rotation": [
                -0.7071068286895752,
                2.3707890761670569e-07,
                -2.4761570216469408e-07,
                0.70710670948028564
            ],
            "Scale": [
                1,
                0.99998974800109863,
                0.9999890923500061
            ],
            "PrefabObjects": []
        }
    ]
}