{
    "Game Objects": [
        {
            "name": "Floor.42",
            "tag": "Untagged",
            "layer": "Default",
            "Active": true,
            "Position": [
                2.1740117073059082,
                -0.35060498118400574,
                5.2364969253540039
            ],
            "Rotation": [
                -0.7071068286895752,
                0,
                0,
                0.70710670948028564
            ],
            "Scale": [
                8.8219995498657227,
                30.656940460205078,
                0.47619020938873291
            ],
            "UID": 176526264,
            "PrefabID": 0,
            "DontDestroy": false,
            "ParentUID": 850461200,
            "Components": [
                {
                    "Type": 1,
                    "Active": true
                },
                {
                    "Type": 2,
                    "Active": false,
                    "Path": "Library\/Meshes\/1313575480.mmh",
                    "UID": 1313575480,
                    "alternColor": [
                        1,
                        1,
                        1
                    ]
                },
                {
                    "Type": 14,
                    "Active": true,
                    "kinematic": true,
                    "Gravity": true,
                    "LockLinearX": false,
                    "LockLinearY": false,
                    "LockLinearZ": false,
                    "LockAngularX": false,
                    "LockAngularY": false,
                    "LockAngularZ": false,
                    "Mass": 10,
                    "Density": 1
                },
                {
                    "Type": 18,
                    "Active": true,
                    "isTrigger": false,
                    "Position": [
                        0,
                        0,
                        0
                    ],
                    "Rotation": [
                        0,
                        0,
                        0.91386866569519043,
                        0.40600985288619995
                    ],
                    "Scale": [
                        0.32899999618530273,
                        0.12700000405311584,
                        1
                    ]
                }
            ]
        }
    ]
}