{
    "Game Objects": [
        {
            "name": "AreaLightTest",
            "tag": "Untagged",
            "layer": "Default",
            "Active": true,
            "UID": 55470375,
            "ParentUID": 529855152,
            "PrefabReference": 0,
            "PrefabID": 0,
            "DontDestroy": false,
            "Static": false,
            "Position": [
                -13.801380157470703,
                10.56360912322998,
                10.446131706237793
            ],
            "Rotation": [
                0.68535590171813965,
                -0.23742716014385223,
                0.25437289476394653,
                0.63969528675079346
            ],
            "Scale": [
                0.9999995231628418,
                0.99999994039535522,
                0.99999940395355225
            ],
            "Components": [
                {
                    "Type": 1,
                    "Active": true
                },
                {
                    "Type": 27,
                    "Active": true,
                    "lightColor": [
                        0.36496272683143616,
                        0.44075927138328552,
                        0.98989897966384888
                    ],
                    "ambientLightColor": [
                        1,
                        1,
                        1
                    ],
                    "lightIntensity": 4.4499998092651367,
                    "specularValue": 1,
                    "fadeDistance": 50,
                    "maxDistance": 600
                }
            ]
        }
    ]
}