{
    "Game Objects": [
        {
            "name": "DirectionalLight",
            "tag": "Untagged",
            "layer": "Default",
            "Active": true,
            "Position": [
                1.1464828252792358,
                7.7973709106445313,
                1.5496524572372437
            ],
            "Rotation": [
                -0.71255528926849365,
                0.26929795742034912,
                0.54301410913467407,
                0.35338261723518372
            ],
            "Scale": [
                1,
                1.000002384185791,
                1.0000001192092896
            ],
            "UID": 1017208032,
            "PrefabID": 0,
            "DontDestroy": false,
            "Static": false,
            "ParentUID": 1676501951,
            "Components": [
                {
                    "Type": 1,
                    "Active": true
                },
                {
                    "Type": 23,
                    "Active": true,
                    "orthoSize": [
                        10,
                        10
                    ],
                    "lightColor": [
                        1,
                        0.99998998641967773,
                        0.99998998641967773
                    ],
                    "ambientLightColor": [
                        0.16067162156105042,
                        0.327260822057724,
                        0.36888891458511353
                    ],
                    "lightIntensity": 1.6000000238418579,
                    "specularValue": 64
                }
            ]
        }
    ]
}