{
    "Game Objects": [
        {
            "name": "Grogu's Particles",
            "tag": "Untagged",
            "layer": "Default",
            "Active": true,
            "UID": 1436431372,
            "ParentUID": 960381075,
            "PrefabReference": 1947430717,
            "PrefabID": 1818077973,
            "DontDestroy": false,
            "Static": false,
            "Position": [
                0,
                1,
                0
            ],
            "Rotation": [
                1.0033831543410088e-08,
                0.81250351667404175,
                -1.0033831543410088e-08,
                0.58295625448226929
            ],
            "Scale": [
                0.85979646444320679,
                0.85979658365249634,
                0.85979640483856201
            ],
            "Components": [
                {
                    "Type": 1,
                    "Active": true
                }
            ],
            "PrefabObjects": [
                {
                    "name": "New Feature",
                    "tag": "Untagged",
                    "layer": "Default",
                    "Active": true,
                    "UID": 1770076516,
                    "ParentUID": 1436431372,
                    "PrefabID": 0,
                    "PrefabReference": 693894912,
                    "DontDestroy": false,
                    "Static": false,
                    "Position": [
                        0,
                        -0.078869104385375977,
                        0
                    ],
                    "Rotation": [
                        0,
                        -3.5527136788005009e-15,
                        7.411538288475128e-22,
                        1
                    ],
                    "Scale": [
                        1,
                        1,
                        1
                    ]
                },
                {
                    "name": "Particle System",
                    "tag": "Untagged",
                    "layer": "Default",
                    "Active": true,
                    "UID": 1148037341,
                    "ParentUID": 1436431372,
                    "PrefabID": 0,
                    "PrefabReference": 2013029087,
                    "DontDestroy": false,
                    "Static": false,
                    "Position": [
                        0,
                        0,
                        0
                    ],
                    "Rotation": [
                        0,
                        0,
                        0,
                        1
                    ],
                    "Scale": [
                        1,
                        1,
                        1
                    ]
                }
            ]
        }
    ]
}