{
    "Game Objects": [
        {
            "name": "TenPointNPCRoute",
            "tag": "Untagged",
            "layer": "Default",
            "Active": true,
            "UID": 1896250284,
            "ParentUID": 1166834130,
            "PrefabReference": 0,
            "PrefabID": 0,
            "DontDestroy": false,
            "Static": false,
            "Position": [
                -0.76696395874023438,
                1.2594991858350113e-06,
                5.6978511810302734
            ],
            "Rotation": [
                2.9449482852328401e-08,
                -7.4505708269612114e-09,
                -3.3140089783501026e-08,
                1
            ],
            "Scale": [
                1.0000001192092896,
                1,
                1.0000013113021851
            ],
            "Components": [
                {
                    "Type": 1,
                    "Active": true
                }
            ]
        }
    ]
}