{
    "Game Objects": [
        {
            "name": "Dust Trail",
            "tag": "Untagged",
            "layer": "Default",
            "Active": true,
            "UID": 1774690752,
            "ParentUID": 88002790,
            "PrefabReference": 729745570,
            "PrefabID": 0,
            "DontDestroy": false,
            "Static": false,
            "Position": [
                -0.0040745735168457031,
                -0.0062532424926757812,
                -0.058134078979492188
            ],
            "Rotation": [
                -5.3290705182007514e-15,
                -1.4901161193847656e-07,
                1.3589129821411916e-13,
                1
            ],
            "Scale": [
                1,
                1,
                1
            ],
            "Components": [
                {
                    "Type": 1,
                    "Active": true
                }
            ]
        },
        {
            "name": "Dust",
            "tag": "Untagged",
            "layer": "Default",
            "Active": true,
            "UID": 273214847,
            "ParentUID": 1774690752,
            "PrefabReference": 448208244,
            "PrefabID": 0,
            "DontDestroy": false,
            "Static": false,
            "Position": [
                0,
                0,
                -0.0081729888916015625
            ],
            "Rotation": [
                -0.71074628829956055,
                0,
                0,
                0.70344847440719604
            ],
            "Scale": [
                1,
                0.99999892711639404,
                0.99999892711639404
            ],
            "Components": [
                {
                    "Type": 1,
                    "Active": true
                },
                {
                    "Type": 3,
                    "Active": true,
                    "IsEmpty": true,
                    "MaterialAssetPath": "Empty",
                    "MaterialLibraryPath": "Library\/Materials\/355756108.mat",
                    "MaterialUID": 355756108
                },
                {
                    "Type": 20,
                    "Active": true,
                    "systemActive": false,
                    "looping": false,
                    "maxDuration": 0.096000000834465027,
                    "ParticleEmitters": [
                        {
                            "AssetPath": "Empty",
                            "LibraryPath": "Library\/Textures\/39569920.dds",
                            "texUID": 39569920,
                            "paEmitterName": "Dust 1",
                            "paLifeTime": [
                                0.30000001192092896,
                                2
                            ],
                            "paSize": [
                                0.0099999997764825821,
                                0.10000000149011612
                            ],
                            "paColor": [
                                0.45364236831665039,
                                0.228880375623703,
                                0.024034028872847557,
                                1
                            ],
                            "paPerSec": 15,
                            "ParticleEffects": [
                                {
                                    "paEffectType": 0,
                                    "paFOLT_direction": [
                                        0,
                                        0,
                                        0
                                    ],
                                    "paFOLT_magnitude": 0,
                                    "paFOLT_gravityMod": 0.019999999552965164,
                                    "paFOLT_gravity": -0.19599999487400055,
                                    "paFOLT_forceType": 0
                                },
                                {
                                    "paEffectType": 5,
                                    "paShapeHasInitSpeed": true,
                                    "paShapePartSpeed": 0.5,
                                    "paShapeRandSpeed": 0,
                                    "PaShapeConeRadius": 0.10000000149011612,
                                    "PaShapeConeHeight": 0.10000000149011612,
                                    "PaShapeSphereDirection": false,
                                    "PaShapeSphereAngle": 0,
                                    "paShapeType": 2,
                                    "PaShapeOffset": [
                                        0,
                                        0,
                                        0
                                    ]
                                }
                            ]
                        },
                        {
                            "AssetPath": "Empty",
                            "LibraryPath": "Library\/Textures\/39569920.dds",
                            "texUID": 39569920,
                            "paEmitterName": "Dust 2",
                            "paLifeTime": [
                                0.30000001192092896,
                                2
                            ],
                            "paSize": [
                                0.0099999997764825821,
                                0.10000000149011612
                            ],
                            "paColor": [
                                0.34322035312652588,
                                0.19540895521640778,
                                0.082896433770656586,
                                1
                            ],
                            "paPerSec": 30,
                            "ParticleEffects": [
                                {
                                    "paEffectType": 0,
                                    "paFOLT_direction": [
                                        0,
                                        0,
                                        0
                                    ],
                                    "paFOLT_magnitude": 0,
                                    "paFOLT_gravityMod": 0.019999999552965164,
                                    "paFOLT_gravity": -0.19599999487400055,
                                    "paFOLT_forceType": 0
                                },
                                {
                                    "paEffectType": 5,
                                    "paShapeHasInitSpeed": true,
                                    "paShapePartSpeed": 0.5,
                                    "paShapeRandSpeed": 0,
                                    "PaShapeConeRadius": 0.30000001192092896,
                                    "PaShapeConeHeight": 0.20000000298023224,
                                    "PaShapeSphereDirection": false,
                                    "PaShapeSphereAngle": 0,
                                    "paShapeType": 2,
                                    "PaShapeOffset": [
                                        0,
                                        0,
                                        0
                                    ]
                                }
                            ]
                        }
                    ]
                },
                {
                    "Type": 21,
                    "Active": true,
                    "billboardAlignment": 0,
                    "horizantalAligned": true
                }
            ]
        }
    ]
}