{
    "Game Objects": [
        {
            "name": "Dust",
            "tag": "Untagged",
            "layer": "Default",
            "Active": true,
            "Position": [
                0,
                0,
                -0.0081729888916015625
            ],
            "Rotation": [
                -0.71074622869491577,
                0,
                0,
                0.70344847440719604
            ],
            "Scale": [
                1,
                0.99999898672103882,
                0.99999898672103882
            ],
            "UID": 8345645,
            "PrefabID": 0,
            "DontDestroy": false,
            "Static": false,
            "ParentUID": 1643193249,
            "Components": [
                {
                    "Type": 1,
                    "Active": true
                },
                {
                    "Type": 3,
                    "Active": true,
                    "IsEmpty": true,
                    "MaterialAssetPath": "Assets\/Materials\/Particle.mat",
                    "MaterialLibraryPath": "Library\/Materials\/355756108.mat",
                    "MaterialUID": 355756108
                },
                {
                    "Type": 20,
                    "Active": true,
                    "systemActive": true,
                    "looping": true,
                    "maxDuration": 0.096000000834465027,
                    "ParticleEmitters": [
                        {
                            "AssetPath": "Empty",
                            "LibraryPath": "Library\/Textures\/39569920.dds",
                            "texUID": 39569920,
                            "paEmitterName": "Dust 1",
                            "paLifeTime": [
                                0.30000001192092896,
                                2
                            ],
                            "paSize": [
                                0.029999999329447746,
                                0.10000000149011612
                            ],
                            "paColor": [
                                0.45364236831665039,
                                0.228880375623703,
                                0.024034028872847557,
                                1
                            ],
                            "paPerSec": 15,
                            "ParticleEffects": [
                                {
                                    "paEffectType": 0,
                                    "paFOLT_direction": [
                                        0,
                                        0,
                                        0
                                    ],
                                    "paFOLT_magnitude": 0,
                                    "paFOLT_gravityMod": 0.019999999552965164,
                                    "paFOLT_gravity": -0.19599999487400055,
                                    "paFOLT_forceType": 0
                                },
                                {
                                    "paEffectType": 2,
                                    "Gradients": [
                                        {
                                            "paColorOLTcolor": [
                                                0,
                                                0,
                                                0,
                                                1
                                            ],
                                            "paColorOLTposition": 0
                                        },
                                        {
                                            "paColorOLTcolor": [
                                                1,
                                                1,
                                                1,
                                                1
                                            ],
                                            "paColorOLTposition": 1
                                        }
                                    ]
                                },
                                {
                                    "paEffectType": 5,
                                    "paShapeHasInitSpeed": true,
                                    "paShapePartSpeed": 0.5,
                                    "paShapeRandSpeed": 0,
                                    "PaShapeConeRadius": 0.30000001192092896,
                                    "PaShapeConeHeight": 0.20000000298023224,
                                    "PaShapeSphereDirection": false,
                                    "PaShapeSphereAngle": 0,
                                    "paShapeType": 2,
                                    "PaShapeOffset": [
                                        0,
                                        0,
                                        0
                                    ]
                                }
                            ]
                        }
                    ]
                },
                {
                    "Type": 21,
                    "Active": true,
                    "billboardAlignment": 0,
                    "horizantalAligned": true
                }
            ]
        }
    ]
}