{
    "Game Objects": [
        {
            "name": "SpeederBike",
            "tag": "Untagged",
            "layer": "Default",
            "Active": true,
            "UID": 571109640,
            "ParentUID": 2143873537,
            "PrefabReference": 0,
            "PrefabID": 0,
            "DontDestroy": false,
            "Static": false,
            "Position": [
                28.092403411865234,
                6.7685093879699707,
                -7.5040421485900879
            ],
            "Rotation": [
                3.5738089820824825e-08,
                -0.79289984703063965,
                3.5738089820824825e-08,
                0.6093519926071167
            ],
            "Scale": [
                1.0000262260437012,
                1,
                1.0000262260437012
            ],
            "Components": [
                {
                    "Type": 1,
                    "Active": true
                },
                {
                    "Type": 2,
                    "Active": true,
                    "Path": "Library\/Meshes\/2075249175.mmh",
                    "UID": 2075249175,
                    "bumpDepth": 0,
                    "alternColor": [
                        1,
                        1,
                        1
                    ],
                    "alternColorStencil": [
                        1,
                        1,
                        1
                    ],
                    "stencilEmission": 0.89999997615814209,
                    "doNotDrawStencil": true,
                    "drawShadows": true
                },
                {
                    "Type": 5,
                    "Active": true,
                    "ScriptName": "FloatingVehicles"
                },
                {
                    "Type": 3,
                    "Active": true,
                    "IsEmpty": true,
                    "MaterialAssetPath": "Empty",
                    "MaterialLibraryPath": "Library\/Materials\/82053990.mat",
                    "MaterialUID": 82053990
                }
            ]
        }
    ]
}