{
    "Game Objects": [
        {
            "name": "Door Area Light",
            "tag": "Untagged",
            "layer": "Default",
            "Active": true,
            "UID": 131540698,
            "ParentUID": 1676501951,
            "PrefabReference": 0,
            "PrefabID": 0,
            "DontDestroy": false,
            "Static": false,
            "Position": [
                2.2877609353599837e-06,
                11.001001358032227,
                33.811138153076172
            ],
            "Rotation": [
                -6.9725402340736764e-08,
                -0.87993758916854858,
                0.47508931159973145,
                3.713535079441499e-08
            ],
            "Scale": [
                0.99994790554046631,
                0.99999994039535522,
                0.99999713897705078
            ],
            "Components": [
                {
                    "Type": 1,
                    "Active": true
                },
                {
                    "Type": 27,
                    "Active": true,
                    "lightColor": [
                        1,
                        0,
                        0
                    ],
                    "ambientLightColor": [
                        1,
                        0.023569047451019287,
                        0.023569047451019287
                    ],
                    "lightIntensity": 2,
                    "specularValue": 1,
                    "fadeDistance": 10,
                    "maxDistance": 800,
                    "calculateShadows": true
                }
            ]
        }
    ]
}