{
    "Game Objects": [
        {
            "name": "Cube",
            "tag": "Wall",
            "layer": "Default",
            "Active": true,
            "Position": [
                -6.0702176094055176,
                8.0971336364746094,
                -33.873397827148438
            ],
            "Rotation": [
                -0.49999982118606567,
                0.50000017881393433,
                0.49999994039535522,
                0.50000005960464478
            ],
            "Scale": [
                1.0000009536743164,
                37.4202880859375,
                7.1323823928833008
            ],
            "UID": 1776821562,
            "PrefabID": 0,
            "DontDestroy": false,
            "Static": false,
            "ParentUID": 961502186,
            "Components": [
                {
                    "Type": 1,
                    "Active": true
                },
                {
                    "Type": 2,
                    "Active": true,
                    "Path": "Library\/Meshes\/1313575480.mmh",
                    "UID": 1313575480,
                    "alternColor": [
                        1,
                        0.99998998641967773,
                        0.99998998641967773
                    ]
                },
                {
                    "Type": 14,
                    "Active": true,
                    "kinematic": true,
                    "Gravity": false,
                    "LockLinearX": false,
                    "LockLinearY": false,
                    "LockLinearZ": false,
                    "LockAngularX": false,
                    "LockAngularY": false,
                    "LockAngularZ": false,
                    "Mass": 60,
                    "Density": 60
                },
                {
                    "Type": 18,
                    "Active": true,
                    "isTrigger": false,
                    "Position": [
                        0,
                        0,
                        0
                    ],
                    "Rotation": [
                        0,
                        0,
                        0,
                        1
                    ],
                    "Scale": [
                        1,
                        1,
                        1
                    ]
                }
            ]
        }
    ]
}