{
    "Game Objects": [
        {
            "name": "Game Camera",
            "tag": "Untagged",
            "layer": "Default",
            "Active": true,
            "Position": [
                -8.12689208984375,
                18.808589935302734,
                -10.831701278686523
            ],
            "Rotation": [
                0.24263942241668701,
                0.39558225870132446,
                -0.10866371542215347,
                0.87910920381546021
            ],
            "Scale": [
                1,
                0.9999997615814209,
                0.9999997615814209
            ],
            "UID": 400702684,
            "PrefabID": 1599948487,
            "DontDestroy": false,
            "Static": false,
            "ParentUID": 1676501951,
            "Components": [
                {
                    "Type": 1,
                    "Active": true
                },
                {
                    "Type": 4,
                    "Active": true,
                    "fType": 1,
                    "fSize": 50,
                    "nearPlaneDist": 1,
                    "farPlaneDist": 100,
                    "vFOV": 13.039999961853027,
                    "hFOV": 25.360000610351563,
                    "culling": false,
                    "drawSkybox": true
                },
                {
                    "Type": 12,
                    "Active": true,
                    "isDefaultListener": true,
                    "masterVolume": 50
                },
                {
                    "Type": 5,
                    "Active": true,
                    "ScriptName": "CameraController",
                    "target": 1800709106,
                    "x": -10.300000190734863,
                    "y": 9.3000001907348633,
                    "z": -10,
                    "smoothSpeed": 0.10000000149011612,
                    "zoomDesired": 0.10000000149011612,
                    "timer_easing_sec": 0,
                    "timer": 0,
                    "cornerTopLeftX": -100,
                    "cornerTopLeftY": -100,
                    "cornerBotRightX": 100,
                    "cornerBotRightY": 100
                }
            ]
        }
    ]
}